EID,Beneficiary Name,Relationship,Percentage
6159,Eric Drake,Other,100
9376,Angel Riggs,Other,100
9957,Patricia Gibson,Other,100
5966,Laura Higgins,Spouse,100
6321,James Hernandez,Child,100
8770,Stephanie Dalton,Parent,100
7142,Paula Robinson,Spouse,100
9014,Melissa Marshall,Other,100
1578,Sylvia Martinez,Other,100
7323,John Schmidt,Parent,100
1261,Emily Fischer,Child,100
4553,Robert Mcclain,Child,100
4656,Terry Griffin,Child,100
2136,Scott Cole,Other,100
9124,Sara Ramirez,Spouse,100
8664,Kari Allen,Spouse,100
1838,Micheal Young,Child,100
5694,Steven Miller,Parent,100
7112,James Hernandez,Child,100
7862,Jason Rivera,Child,100
3833,Antonio Wall,Parent,100
5747,Randy Shah,Child,100
3233,Spencer Johnston,Parent,100
3576,Tommy Evans,Parent,100
2362,Steven Houston,Spouse,100
5747,Morgan Marsh,Parent,100
3048,Katherine Nelson,Child,100
8713,Mr. Michael Yates,Parent,100
7581,Sara Calhoun,Child,100
7501,Ms. Susan Vargas,Parent,100
1011,Angela Patterson,Spouse,100
5223,Catherine Green,Child,100
4760,Jesse Rogers,Child,100
6050,Diana Bean,Child,100
1195,Ruben Ruiz,Parent,100
8179,Amy Crane,Spouse,100
7573,Barry Bernard,Spouse,100
4078,Andre Wright,Spouse,100
3897,Lisa Allen,Spouse,100
7864,Brian Gould,Parent,100
9168,David Wood,Child,100
6588,Tracey Higgins,Other,100
5263,Carla Collins,Spouse,100
8666,Tanya Johnston,Other,100
8478,Jaime David,Parent,100
3193,Kevin Rivas,Parent,100
8619,Michael Turner,Other,100
5042,Renee Hogan,Child,100
6537,Amanda Patel,Other,100
5717,Andrea Holland,Parent,100
4272,Jason Henry,Other,100
9084,Jack Snow,Spouse,100
6798,Christian Thompson,Spouse,100
9450,Marie Gilbert,Child,100
8215,Patricia Marshall,Other,100
2974,Leslie Morris,Other,100
7412,Timothy Ramirez,Other,100
7830,Paul Hudson,Other,100
9106,Gabrielle Snyder,Child,100
8473,John Kelly,Parent,100
6861,Douglas Carlson,Child,100
7276,Kristi Black,Parent,100
5982,David Russell,Parent,100
7653,Cynthia Alvarez,Parent,100
3121,Joan Smith,Other,100
9832,Jared Sanchez,Child,100
7540,Jackie Tran,Parent,100
3007,Zachary Pierce,Spouse,100
5290,Jesse Parker,Parent,100
1554,Nathan Stewart,Child,100
5879,Tiffany Vaughn,Other,100
3077,Parker Hill,Spouse,100
1501,Paige Carlson,Parent,100
5882,Dr. Elizabeth Ward,Other,100
2315,Michael Martinez,Child,100
4917,Anthony Carter,Child,100
2540,Margaret Mullins,Spouse,100
4157,Adam Mitchell,Spouse,100
4081,Glen Sheppard,Parent,100
8227,Scott Wilson,Other,100
2372,John Ray,Other,100
1043,Brittany Shepherd,Child,100
3267,Angela Wright,Child,100
8738,Jennifer Carlson,Parent,100
2981,Patricia James,Parent,100
1812,Elizabeth Chapman,Child,100
1915,Keith Brown,Child,100
6220,Annette Farmer,Other,100
9730,Deborah Miller,Other,100
3596,Juan Moore,Other,100
3040,Michael Harrison,Parent,100
9563,Dwayne Campbell,Other,100
6035,Andrea Hall,Spouse,100
2194,Rick Lawrence,Spouse,100
7987,Christina Wilson,Other,100
9558,Chase Baker,Other,100
3066,Anthony Sparks,Child,100
4511,Samantha Morse,Child,100
6835,John Torres,Parent,100
9639,Dillon Fernandez,Spouse,100
